Model,F1 Score
Multinomial NB,0.9735758229463811
Logistic Regression,0.9550807964655329
Random Forest,0.9959387436142589
SVC,0.9939108532794328
Gradient Boosting,0.9959387436142589
